bvets vehicle performance table 0.01,,,,,,,,,,,,,,,,,,,,,,,,,,,,,,,,,,,,,
#,S1,S2,S3,S4,S5,S6,S7,S8,S9,S10,S11,S12,S13,S14,S15,S16,S17,P1Q12,P23,Q34,P45,Q56,P67,Q78,P89,Q910,P1011,Q1112,P1213,Q1314,P1415,Q1516,P1617Q17,WF1,WF2,WF3,WF4
0,7684.613523,12819.95896,19279.16782,22979.77094,28410.62997,34372.30825,40451.23484,49789.4653,61250.37457,85733.39252,178228.0184,3594334.106,3979860.479,3312256.637,1820976.068,1345463.366,954878.6734,22566.19999,42209.60641,49338.8056,61250.37457,78956.37687,110643.1871,189227.587,1077977.663,16282994.58,7395586.751,10540885.87,4246766.117,4404464.963,2809718.242,2724158.282,1975606.703,2394966.703,2651304.898,3514247.547,3509940.283
1,7420.187367,12326.5228,18585.60569,22176.03927,27325.68332,33013.61049,38888.02219,47493.72341,58281.86814,79765.59717,153383.5714,1480675.469,3979860.479,3312256.637,1820976.068,1345463.366,954878.6734,22184.2391,41299.8221,48220.18253,59789.21917,76662.1362,106285.3492,176945.491,809362.6729,16282994.58,7395586.751,10540885.87,4246766.117,4404464.963,2809718.242,2724158.282,1975606.703,2394966.703,2651304.898,3514247.547,3509940.283
2,7165.660647,11859.36879,17913.94738,21398.8312,26284.48686,31715.80477,37392.58579,45333.20824,55500.60463,74415.41137,133992.4219,720708.8837,2436815.354,3312256.637,1820976.068,1345463.366,954878.6734,21807.9627,40414.07725,47133.18803,58372.51931,74461.04385,102189.6382,165956.8629,638886.2276,16282994.58,7395586.751,10540885.87,4246766.117,4404464.963,2809718.242,2724158.282,1975606.703,2394966.703,2651304.898,3514247.547,3509940.283
3,6920.488022,11416.4536,17263.17705,20646.86341,25284.46504,30474.92033,35960.65821,43296.43855,52889.6442,69592.94598,118465.3958,452607.4207,985702.5584,3312256.637,1820976.068,1345463.366,954878.6734,21437.24581,39551.44114,46076.51578,56998.30828,72347.63808,98333.56204,156072.6079,522625.7884,5955888.001,7395586.751,10540885.87,4246766.117,4404464.963,2809718.242,2724158.282,1975606.703,2394966.703,2651304.898,3514247.547,3509940.283
4,6684.163463,10995.94018,16632.34042,19918.93362,24323.23941,29287.32204,34588.31991,41373.18649,50434.00998,65224.77827,105769.5244,321733.2535,573090.1847,3312256.637,1820976.068,1345463.366,954878.6734,21071.96703,38711.03011,45048.92971,55664.73227,70316.8704,94697.09314,147138.1571,439029.0163,2706138.282,7395586.751,10540885.87,4246766.117,4404464.963,2809718.242,2724158.282,1975606.703,2394966.703,2651304.898,3514247.547,3509940.283
5,6456.216771,10596.1724,16020.54021,19213.91435,23398.6102,28149.6759,33271.96473,39554.31217,48120.41403,61250.37457,95206.1213,245830.0357,390638.0176,3312256.637,1820976.068,1345463.366,954878.6734,20712.00849,37892.0046,44049.25937,54370.04252,68364.06757,91262.34363,139026.027,376431.8819,1613461.409,7395586.751,10540885.87,4246766.117,4404464.963,2809718.242,2724158.282,1975606.703,2394966.703,2651304.898,3514247.547,3509940.283
6,6236.210468,10215.65331,15426.93194,18530.74714,22508.53998,27058.91863,32008.26939,37831.62365,45937.0276,57619.40127,86286.67357,196839.7728,290725.9567,3312256.637,1820976.068,1345463.366,954878.6734,20357.25564,37093.56648,43076.39573,53112.58799,66484.8978,88013.2901,131630.2065,328034.7986,1103126.054,7395586.751,10540885.87,4246766.117,4404464.963,2809718.242,2724158.282,1975606.703,2394966.703,2651304.898,3514247.547,3509940.283
7,6023.736994,9853.026496,14850.72017,17868.43746,21651.13899,26012.23088,30794.16644,36197.75798,43873.28768,54289.67823,78659.90202,162835.5333,228623.4855,1210292.299,1820976.068,1345463.366,954878.6734,20007.5972,36314.95654,42129.28717,51890.80876,64675.34032,84935.5394,124861.8719,289635.5462,818394.1143,7395586.751,10540885.87,4246766.117,4404464.963,2809718.242,2724158.282,1975606.703,2394966.703,2651304.898,3514247.547,3509940.283
8,5818.416199,9507.05997,14291.15494,17226.04992,20824.65205,25007.01357,29626.82034,34646.07948,41919.7334,51225.60322,72067.06421,137960.1162,186651.9112,621470.3756,1820976.068,1345463.366,954878.6734,19662.92501,35555.45217,41206.93587,50703.22981,62931.65834,82016.12864,118646.0788,258511.7854,640726.4476,7395586.751,10540885.87,4246766.117,4404464.963,2809718.242,2724158.282,1975606.703,2394966.703,2651304.898,3514247.547,3509940.283
9,5619.893075,9176.632229,13747.52862,16602.70395,20027.44688,24040.86687,28503.60599,33170.59273,40067.86692,48396.92615,66313.56742,119026.5463,156552.2963,399764.6143,1820976.068,1345463.366,954878.6734,19323.13393,34814.36515,40308.39443,49548.45546,61250.37457,79243.35361,112919.1842,232830.0396,521003.0984,7395586.751,10540885.87,4246766.117,4404464.963,2809718.242,2724158.282,1975606.703,2394966.703,2651304.898,3514247.547,3509940.283
10,5427.835714,8860.720154,13219.17297,15997.56992,19258.00354,23111.57155,27422.08977,31765.86752,38310.03483,45777.78618,61250.37457,104162.3971,133992.4219,287924.742,1820976.068,1345463.366,954878.6734,18988.12174,34091.0397,39432.76274,48425.16407,59628.24934,76606.62119,107626.8162,211314.5919,435674.9865,7395586.751,10540885.87,4246766.117,4404464.963,2809718.242,2724158.282,1975606.703,2394966.703,2651304.898,3514247.547,3509940.283
11,5241.93346,8558.38846,12705.45643,15409.86544,18514.90496,22217.07242,26380.01246,30426.97424,36639.32654,43345.94831,56761.49148,92199.91252,116497.5502,221747.1986,1820976.068,1345463.366,954878.6734,18657.78904,33384.85059,38579.18513,47332.10329,58062.26083,74096.32187,102722.2641,193052.8743,372213.1895,7395586.751,10540885.87,4246766.117,4404464.963,2809718.242,2724158.282,1975606.703,2394966.703,2651304.898,3514247.547,3509940.283
12,5061.895235,8268.780471,12205.78165,14838.85214,17796.82848,21355.46351,25375.27397,29149.42774,35049.48684,41082.19329,52755.34403,82375.18622,102558.3444,178449.6294,1820976.068,1345463.366,954878.6734,18332.03916,32695.20135,37746.84761,46268.08562,56549.58719,71703.71923,98165.18876,177376.3347,323408.7715,7395586.751,10540885.87,4246766.117,4404464.963,2809718.242,2724158.282,1975606.703,2394966.703,2651304.898,3514247.547,3509940.283
13,4887.44802,7991.110038,11719.58324,14283.83255,17102.53808,20524.97478,24405.91969,27929.13866,33534.84058,38969.82601,49158.70922,74168.57981,91205.23006,148099.085,1725011.245,1345463.366,954878.6734,18010.77803,32021.52268,36934.97545,45231.98427,55087.59046,69420.85399,93920.58331,163784.9207,284852.2642,7395586.751,10540885.87,4246766.117,4404464.963,2809718.242,2724158.282,1975606.703,2394966.703,2651304.898,3514247.547,3509940.283
14,4718.335479,7724.654429,11246.32563,13744.1474,16430.87746,19723.96035,23470.12816,26762.37095,32090.22737,36994.27664,45912.36243,67214.91164,81788.55449,125729.6424,606637.4077,1345463.366,954878.6734,17693.91415,31363.27094,36142.83081,44222.72939,53673.80197,67240.46025,89957.92924,151897.7375,253710.7985,7395586.751,10540885.87,4246766.117,4404464.963,2809718.242,2724158.282,1975606.703,2394966.703,2651304.898,3514247.547,3509940.283
15,4554.316704,7468.74807,10785.50114,13219.17297,15780.76374,18950.88779,22566.19999,25645.70466,30710.94486,35142.77469,42967.90215,61250.37457,73857.55967,108602.9083,342428.3867,1345463.366,954878.6734,17381.35847,30719.92671,35369.71061,43239.30452,52305.90904,65155.89232,86250.50652,141419.9428,228089.5288,7395586.751,10540885.87,4246766.117,4404464.963,2809718.242,2724158.282,1975606.703,2394966.703,2651304.898,3514247.547,3509940.283
16,4395.165069,7222.777,10336.62823,12708.31879,15151.18173,18204.32855,21692.54787,24576.00342,29392.69935,33404.08103,40285.39791,56079.83922,67090.16157,95093.13896,231750.4881,1345463.366,954878.6734,17073.02431,30090.99346,34614.9445,42280.74337,50981.74303,63161.06047,82774.82614,132120.006,206677.6059,7395586.751,10540885.87,4246766.117,4404464.963,2809718.242,2724158.282,1975606.703,2394966.703,2651304.898,3514247.547,3509940.283
17,4240.667192,6986.173972,9899.24982,12211.02545,14541.17878,17482.94938,20847.68749,23550.3858,28131.56261,31768.2662,37831.62365,51555.9907,61250.37457,84177.88103,172342.4911,798400.6905,954878.6734,16768.82728,29475.99632,33877.89303,41346.12675,49699.26832,61250.37457,79510.16076,123813.7605,188541.8975,7395586.751,10540885.87,4246766.117,4404464.963,2809718.242,2724158.282,1975606.703,2394966.703,2651304.898,3514247.547,3509940.283
18,4090.621979,6758.414088,9472.931741,11726.76256,13949.85999,16785.50452,20030.22942,22566.19999,26923.93403,30226.52601,35578.7137,47565.6035,56161.51266,75183.64155,135686.7851,366989.3911,954878.6734,16468.68522,28874.48091,33157.94585,40434.57977,48456.57243,59418.69428,76438.15417,116353.0057,173001.6442,7395586.751,6719591.626,4246766.117,4404464.963,2809718.242,2724158.282,1975606.703,2394966.703,2651304.898,3514247.547,3509940.283
19,3944.839752,6539.010931,9057.261356,11255.02695,13376.38399,16110.82867,19238.87165,21621.00154,25766.50739,28771.02726,33503.12849,44020.2684,51688.76843,67649.61902,110959.4974,228623.4855,954878.6734,16172.51813,28286.01227,32454.52012,39545.26925,47251.85686,57661.28513,73542.49476,109617.2244,159549.5076,3803398.964,2474790.65,4246766.117,4404464.963,2809718.242,2724158.282,1975606.703,2394966.703,2651304.898,3514247.547,3509940.283
20,3803.141453,6327.513093,8651.84623,10795.3409,12819.95896,15457.83064,18472.39286,20712.53353,24656.24147,27394.77814,31584.84993,40849.97853,47727.56606,61250.37457,93214.03225,162835.5333,954878.6734,15880.24806,27710.17383,31767.05897,38677.40124,46083.42882,55973.77955,70808.64108,103507.471,147800.2666,1592347.78,1364083.313,4246766.117,4404464.963,2809718.242,2724158.282,1975606.703,2394966.703,2651304.898,3514247.547,3509940.283
21,3665.357908,6123.501091,8256.312914,10347.25061,12279.83905,14825.48753,17729.64632,19838.70903,23590.33427,26091.5187,29806.74932,37998.59948,44195.58004,55749.80505,79887.88664,124925.4377,406040.2792,15591.79911,27146.56643,31095.03009,37830.21878,44949.69365,54352.14232,68223.59016,97941.79755,137456.5607,930446.3889,897949.8367,4246766.117,4404464.963,2809718.242,2724158.282,1975606.703,2394966.703,2651304.898,3514247.547,3509940.283
22,3531.329158,5926.58459,7870.305813,9910.324681,11755.32115,14212.83954,17009.55429,18997.59546,22566.19999,24855.62794,28154.08626,35420.60992,41027.14547,50972.62062,69527.65816,100437.748,223654.6005,15307.09729,26594.80748,30437.92441,37002.9998,43849.14784,52792.63978,65775.68102,92851.78833,128285.4592,634207.7506,652402.9287,4246766.117,4404464.963,2809718.242,2724158.282,1975606.703,2394966.703,2651304.898,3514247.547,3509940.283
23,3400.903837,5736.399918,7493.486136,9484.152769,11245.7418,13618.98519,16311.10292,18187.40064,21581.44872,23682.04472,26614.10795,33078.71681,38169.26616,46786.04903,61250.37457,83378.991,150755.3895,15026.07053,26054.53005,29795.25481,36195.05511,42780.37269,51291.81243,63454.42739,88179.90272,120102.0893,471819.2765,504405.2165,4246766.117,4404464.963,2809718.242,2724158.282,1975606.703,2394966.703,2651304.898,3514247.547,3509940.283
24,3273.938605,5552.607826,7125.530918,9068.344331,10750.47454,13043.07692,15633.33765,17406.46032,20633.86832,22566.19999,25175.72634,30942.08386,35578.7137,43087.74403,54489.89533,70841.11027,112236.8826,14748.64857,25525.38213,29166.55501,35405.7266,41742.02844,49846.45043,61250.37457,83877.41608,112757.9759,371176.2342,406885.7649,4246766.117,4404464.963,2809718.242,2724158.282,1975606.703,2394966.703,2651304.898,3514247.547,3509940.283
25,3150.297623,5374.891476,6766.132109,8662.527438,10268.92729,12484.31721,14975.35892,16653.227,19721.40829,21503.95868,23829.25603,28984.9973,33219.88589,39797.58237,48867.10474,61250.37457,88601.12721,14474.76292,25007.02586,28551.37843,34634.38551,40732.84891,48453.57159,59154.9767,79902.80818,106132.5935,303453.6403,338429.7602,4246766.117,4404464.963,2809718.242,2724158.282,1975606.703,2394966.703,2651304.898,3514247.547,3509940.283
26,3029.852067,5202.95462,6414.995723,8266.347683,9800.54008,11941.95489,14336.3183,15926.25994,18842.16532,20491.56955,22566.19999,27185.84841,31063.20292,36851.96917,44118.88413,53683.81237,72679.93636,14204.34681,24499.13682,27949.2972,33880.43082,39751.63654,47110.40178,57160.49095,76220.49036,100127.1484,255120.6903,288054.1038,4246766.117,4404464.963,2809718.242,2724158.282,1975606.703,2394966.703,2651304.898,3514247.547,3509940.283
27,2912.479683,5036.519951,6071.841051,7879.467167,9344.782897,11415.28188,13715.41492,15224.21611,17994.37041,19525.62185,21379.07336,25526.34853,29083.89067,34199.80286,40057.06837,47565.6035,61250.37457,13937.33512,24001.40342,27359.90118,33143.28775,38797.25787,45814.35717,55259.8861,72799.79142,94659.93816,219070.0008,249606.5598,4246766.117,4404464.963,2809718.242,2724158.282,1975606.703,2394966.703,2651304.898,3514247.547,3509940.283
28,2798.064373,4875.32762,5736.399918,7501.563553,8901.153711,10903.6301,13111.89221,14545.84211,17176.37727,18603.00767,20261.25753,23990.91714,27261.0465,31799.56319,36543.62604,42518.46476,52657.53505,13673.66437,23513.52621,26782.79705,32422.40635,37868.63929,44563.02833,53446.76325,69614.14351,89662.84278,191243.5942,219399.4255,4246766.117,4404464.963,2809718.242,2724158.282,1975606.703,2394966.703,2651304.898,3514247.547,3509940.283
29,2686.495813,4719.133878,5408.415993,7132.329177,8469.176658,10406.36877,12525.03489,13889.96683,16386.65192,17720.88922,19206.87875,22566.19999,25576.9142,29617.17476,33475.0616,38285.15527,45967.3098,13413.27261,23035.21734,26217.60749,31717.2602,36964.76322,43354.16587,51715.28681,66640.42341,85078.64018,169170.4395,195100.3114,4246766.117,4404464.963,2809718.242,2724158.282,1975606.703,2394966.703,2651304.898,3514247.547,3509940.283
30,2577.669098,4567.709853,5087.644149,6771.470233,8048.400367,9922.901763,11954.16616,13255.49482,15623.7633,16876.67018,18210.70651,21240.68642,24016.31546,27624.41609,30772.28432,34684.3984,40613.64494,13156.09941,22566.19999,25663.97033,31027.34515,36084.6645,42185.66746,50060.12431,63858.41603,80858.92958,151266.6898,175168.2315,4246766.117,4404464.963,2809718.242,2724158.282,1975606.703,2394966.703,2651304.898,3514247.547,3509940.283
31,2471.484411,4420.84043,4773.849851,6418.705997,7638.396405,9452.665342,11398.64525,12641.40031,14886.37484,16067.97064,17268.06809,20004.4027,22566.19999,25797.71865,28373.83672,31584.84993,36234.01933,12902.08582,22106.20788,25121.53787,30352.17817,35227.42709,41055.56611,48476.39373,61250.37457,76962.50918,136473.8244,158547.575,4246766.117,4404464.963,2809718.242,2724158.282,1975606.703,2394966.703,2651304.898,3514247.547,3509940.283
32,2367.846723,4278.323233,4466.808599,6073.768112,7238.757843,8995.125952,10857.86497,12046.72179,14173.2368,15292.60511,16374.77634,18848.66455,21215.28642,24117.24913,26231.25371,28889.05977,32585.74433,12651.17431,21654.98471,24589.97611,29691.29628,34392.18101,39962.01949,46959.61722,58800.65763,73354.09674,124059.4127,144492.8562,4246766.117,4404464.963,2809718.242,2724158.282,1975606.703,2394966.703,2651304.898,3514247.547,3509940.283
33,2266.665507,4139.967698,4166.305395,5736.399918,6849.097927,8549.778248,10331.2496,11470.55706,13483.1794,14548.5631,15527.06837,17765.87581,19953.77329,22566.19999,24305.81075,26523.22898,29500.3468,12403.30873,21212.28377,24068.96409,29044.25552,33578.09948,38903.30031,45505.68041,56495.42819,70003.31194,113501.5856,132463.7321,1858233.518,4404464.963,2809718.242,2724158.282,1975606.703,2394966.703,2651304.898,3514247.547,3509940.283
34,2167.854473,4005.594222,3872.134244,5406.355817,6469.048849,8116.143257,9818.252866,10912.05873,12815.10652,13833.99205,14721.55328,16749.36364,18773.10483,21130.23546,22566.19999,24430.46201,26857.2769,12158.43426,20777.86746,23558.1933,28410.62997,32784.39633,37877.78751,44110.79656,54322.4025,66883.86026,104419.066,122059.655,877204.1868,4404464.963,2809718.242,2724158.282,1975606.703,2394966.703,2651304.898,3514247.547,3509940.283
35,2071.331327,3875.033386,3584.097695,5083.400695,6098.260602,7693.766688,9318.35611,10370.43015,12167.99001,13147.18211,13955.16742,15793.2427,17665.77974,19797.05453,20986.84003,22566.19999,24568.03402,11916.4974,20351.50687,23057.36707,27790.01087,32010.32351,36883.95832,42771.47473,52270.63952,63972.87374,96527.18993,112977.8317,544372.5817,1519450.112,2809718.242,2724158.282,1975606.703,2394966.703,2651304.898,3514247.547,3509940.283
36,1977.017539,3748.125246,3302.006398,4767.309359,5736.399918,7282.217364,8831.066548,9844.921677,11540.86457,12486.55275,13225.13592,14892.30258,16625.19398,18556.04338,19546.62681,20895.05588,22566.19999,11677.44589,19932.98142,22566.19999,27182.00577,31255.16887,35920.38091,41484.49169,50330.36354,61250.37457,89609.36471,104985.3883,385166.5976,786262.5011,2809718.242,2724158.282,1975606.703,2394966.703,2651304.898,3514247.547,3509940.283
37,1884.83813,3624.718677,3025.678697,4457.866029,5383.149283,6881.085779,8355.9157,9334.827284,10932.823,11850.64078,12528.93955,14041.914,15645.51092,17397.99645,18227.99726,19388.57469,20800.96817,11441.22872,19522.07845,22084.41741,26586.23772,30518.25398,34985.70778,40246.86688,48492.81403,58698.83577,83498.02196,97900.4676,294011.5314,507787.3108,2809718.242,2724158.282,1975606.703,2394966.703,2651304.898,3514247.547,3509940.283
38,1794.721477,3504.670775,2754.940243,4154.863848,5038.206021,6489.98275,7892.457905,8839.481415,10343.0119,11238.08968,11864.28601,13237.9501,14721.55328,16314.89101,17016.218,18023.6185,19232.81863,11207.79606,19118.5929,21611.75491,26002.34452,29798.93225,34078.6697,39055.84015,46750.11803,56302.81924,78061.59015,91579.10451,235705.7998,367138.2021,2809718.242,2724158.282,1975606.703,2394966.703,2651304.898,3514247.547,3509940.283
39,1706.599125,3387.846306,2489.623631,3858.104429,4701.281436,6108.538184,7440.268963,8358.256154,9770.627798,10647.64009,11229.08497,12476.72031,13848.71281,15299.7035,15898.83863,16781.18201,17830.5537,10977.09922,18722.32695,21147.95788,25429.97802,29096.58704,33198.07009,37908.85186,45095.18119,54048.67567,73195.38867,85905.92732,195507.8135,284001.284,2809718.242,2724158.282,1975606.703,2394966.703,2651304.898,3514247.547,3509940.283
40,1620.405614,3274.117199,2229.568058,3567.397426,4372.10002,5736.399918,6998.944858,7890.558606,9214.913546,10078.1213,10621.42638,11754.91423,13022.87438,14346.25914,14865.26681,15645.51092,16569.21995,10749.09066,18333.08973,20692.78101,24868.80344,28410.62997,32342.77997,36803.52514,43521.59441,51924.2945,68815.13799,80787.45226,166255.9095,229706.1514,2809718.242,2724158.282,1975606.703,2394966.703,2651304.898,3514247.547,3509940.283
41,1536.078315,3163.362074,1974.619004,3282.560131,4050.398707,5373.232652,6568.100575,7435.828498,8675.15503,9528.443579,10039.56147,11069.55401,12240.3519,13449.10769,13906.43474,14603.43633,15428.62251,10523.72391,17950.69699,20245.98793,24318.49874,27740.49933,31511.73327,35737.64991,42023.55353,49918.89447,64852.25287,76147.16851,144085.4995,191723.3538,2809718.242,2724158.282,1975606.703,2394966.703,2651304.898,3514247.547,3509940.283
42,1453.557285,3055.465817,1724.627925,3003.417097,3735.92618,5018.716955,6147.369006,6993.535967,8150.678178,8997.591342,9481.886133,10417.95374,11497.83396,12603.42047,13014.53485,13643.86608,14392.24377,10300.95358,17574.97083,19807.35076,23778.75402,27085.65862,30703.92253,34709.16865,40595.79,48022.84722,61250.37457,71921.88265,126741.0216,163784.9207,2475691.304,2724158.282,1975606.703,2394966.703,2651304.898,3514247.547,3509940.283
43,1372.785116,2950.319177,1479.451969,2729.799781,3428.44223,4672.548338,5736.399918,6563.179538,7640.846204,8484.616942,8946.926269,9797.684548,10792.33748,11804.90441,12182.80856,12757.39143,13446.44381,10080.73528,17205.73945,19376.64978,23249.27097,26445.59511,29918.39496,33716.16347,39233.51084,46227.5282,57962.77906,68058.96332,112823.4093,142435.3486,873982.8528,2724158.282,1975606.703,2394966.703,2651304.898,3514247.547,3509940.283
44,1293.70681,2847.818396,1238.953708,2461.54621,3127.71714,4334.436394,5334.859001,6144.284246,7145.05707,7988.635108,8433.324924,9206.544644,10121.16809,11049.72993,11405.37609,11935.97985,12579.86058,9863.02564,16842.83685,18953.67301,22729.76231,25819.81859,29154.24881,32756.84459,37932.34645,44525.18993,54950.41451,64514.23877,101421.619,125624.6615,491199.0471,977561.2,1975606.703,2394966.703,2651304.898,3514247.547,3509940.283
45,1216.269649,2747.864872,1121.70424,2198.50066,2833.531131,4004.103994,4942.426978,5736.399918,6662.741158,7508.817904,7939.830894,8642.533434,9481.886133,10334.47014,10677.09835,11172.73254,11782.95395,9647.78227,16486.10264,18538.21595,22219.95133,25207.86014,28410.62997,31829.53982,36688.30511,42908.85396,52180.39754,61250.37457,91918.34495,112064.8778,331733.333,522625.7884,1975606.703,2394966.703,2651304.898,3514247.547,3509940.283
46,1140.42308,2650.364842,1121.70424,1940.513366,2545.673823,3681.28654,4558.798769,5339.099577,6193.359123,7044.390177,7465.288639,8103.82909,8872.277262,9656.049402,9993.463997,10461.69149,11047.65494,9434.963711,16135.38175,18130.08119,21719.57138,24609.271,27686.72895,30932.68517,35497.73322,41372.21829,49624.84809,58235.60887,83881.23875,100908.5549,246774.0335,344980.4292,1975606.703,2394966.703,2651304.898,3514247.547,3509940.283
47,1121.70424,2555.229087,1121.70424,1687.440232,2263.943742,3365.731265,4183.682715,4951.977973,5736.399918,6594.625422,7008.629326,7588.769046,8290.327109,9011.699515,9350.49659,9797.684548,10367.09291,9224.529428,15790.52425,17729.07812,21228.3654,24023.62147,26981.77798,30064.81621,34357.2804,39909.57784,47259.97774,55442.75678,76998.90113,91576.56311,194722.4509,253389.4685,1975606.703,2394966.703,2651304.898,3514247.547,3509940.283
48,1121.70424,2462.372661,1121.70424,1439.142573,1988.147857,3057.196582,3816.79985,4574.650222,5291.378963,6158.842039,6568.862862,7095.833,7734.199232,8398.922299,8744.677659,9176.200166,9735.381321,9016.439783,15451.38514,17335.02269,20746.08556,23450.49997,26295.04836,29224.5604,33263.86885,38515.75576,45065.36946,52848.41983,71041.6075,83660.38653,159828.9427,198369.3441,1975606.703,2394966.703,2651304.898,3514247.547,3509940.283
49,1121.70424,2371.714637,1121.70424,1195.486859,1718.101139,2755.451473,3457.883221,4206.750545,4857.836467,5736.399918,6145.070787,6623.628038,7202.215933,7815.457525,8172.882712,8593.285275,9147.447722,8810.656005,15117.82413,16947.73706,20272.4928,22889.51205,25625.84808,28410.62997,32214.66629,37186.04401,43023.40365,50432.35292,65836.33334,76864.00407,134924.2379,161964.3335,853122.754,2394966.703,2651304.898,3514247.547,3509940.283
50,1121.70424,2283.177876,1121.70424,1121.70424,1453.626156,2460.27492,3106.67725,3847.931099,4435.335861,5326.69734,5736.399918,6170.875583,6692.841493,7259.255279,7632.327661,8045.461553,8598.897854,8607.140171,14789.70545,16567.04938,19807.35645,22340.27956,24973.51947,27621.81552,31207.0621,35916.1518,41118.79721,48176.95355,61250.37457,70967.89756,116310.5208,136219.9671,438811.7459,2394966.703,2651304.898,3514247.547,3509940.283
51,1121.70424,2196.688803,1121.70424,1121.70424,1194.552683,2171.455369,2762.937135,3497.860899,4023.462357,4929.16815,5342.056663,5736.399918,6204.667495,6728.452104,7120.523736,7529.656305,8085.906055,8405.855181,14466.89771,16192.79355,19350.45389,21802.43979,24337.43718,26856.98018,30238.64613,34702.16052,39338.23042,46066.84676,57180.31138,65805.98266,101899.5056,117110.3277,286202.1,1002698.202,2651304.898,3514247.547,3509940.283
52,1121.70424,2112.177208,1121.70424,1121.70424,1121.70424,1888.790232,2426.428293,3156.224805,3621.821614,4543.279167,4961.301915,5319.118056,5736.399918,6221.350299,6635.239387,7043.145057,7605.126238,8206.764736,14149.27366,15824.80895,18901.57019,21275.64467,23717.00616,26115.05431,29307.18992,33540.48451,37670.04282,44088.54556,53544.39369,61250.37457,90427.74659,102393.3157,209377.3851,503805.2227,2651304.898,3514247.547,3509940.283
53,1121.70424,2029.576053,1121.70424,1121.70424,1121.70424,1612.085416,2096.92583,2822.722591,3230.038491,4168.527829,4593.446461,4918.030796,5286.847773,5736.399918,6174.467924,6583.50363,7153.619077,8009.833319,13836.71009,15462.94026,18460.49779,20759.56012,23111.65993,25395.03056,28410.62997,32427.83657,36103.98379,42230.17127,50277.17557,57201.06192,81088.29058,90726.85454,163763.9852,323705.9909,2651304.898,3514247.547,3509940.283
54,1121.70424,1948.821295,1121.70424,1121.70424,1121.70424,1341.154886,1774.214051,2497.068074,2847.755902,3804.440028,4237.84685,4532.214775,4854.913066,5272.183062,5736.399918,6148.567912,6728.792062,7815.026169,13529.08764,15107.0372,18027.03619,20253.86528,22520.85885,24695.95949,27547.05279,31361.19773,34631.00658,40481.22205,47325.6625,53578.74422,73342.71201,81260.98853,133771.4423,234387.4136,965792.8053,3514247.547,3509940.283
55,1121.70424,1869.851721,1121.70424,1121.70424,1121.70424,1121.70424,1458.085993,2178.988307,2474.633744,3450.568126,3893.901658,4160.815422,4439.581904,4827.400131,5319.399564,5736.399918,6328.349842,7622.309265,13226.29065,14756.95436,17600.99162,19758.25192,21944.08855,24016.94545,26714.68162,30337.79051,33243.09733,38832.38002,44646.49777,50319.76105,66818.57762,73432.46974,112636.1059,181964.3839,489703.8005,1834780.902,3509940.283
56,1121.70424,1792.608796,1121.70424,1121.70424,1121.70424,1121.70424,1148.342992,1868.222819,2110.3479,3106.489143,3561.048122,3803.040674,4039.916612,4400.857754,4921.984368,5345.259028,5950.252865,7431.649307,12928.20704,14412.55097,17182.17682,19272.42378,21380.8585,23357.14285,25911.86444,29355.0554,31933.1323,37275.34981,42203.87611,47372.43561,61250.37457,66853.89183,96979.03146,147809.4964,313958.5208,783585.1679,3509940.283
57,1121.70424,1717.036515,1121.70424,1121.70424,1121.70424,1121.70424,1121.70424,1564.522919,1754.589317,2771.803079,3238.759084,3458.155373,3655.048707,3991.458168,4542.807611,4973.577511,5592.682722,7243.013694,12634.72816,14073.69078,16770.41072,18796.09605,20830.70064,22715.75272,25137.06328,28410.62997,30694.75813,35802.72273,39967.97494,44694.39442,56443.89243,61250.37457,84934.46677,123920.6637,226502.8435,465217.1144,3509940.283
58,1121.70424,1643.081266,1121.70424,1121.70424,1121.70424,1121.70424,1121.70424,1267.651032,1407.063141,2446.131383,2926.540222,3125.476248,3284.172644,3598.189841,4180.643163,4619.939587,5254.01299,7056.370509,12345.74864,13740.2418,16365.51823,18328.99478,20293.16812,22092.01956,24388.84457,27502.33034,29522.29077,34407.86194,37913.75974,42250.57296,52253.90173,56421.66512,75392.11008,106333.6725,175284.0148,321339.1107,3509940.283
59,1121.70424,1570.69171,1121.70424,1121.70424,1121.70424,1121.70424,1121.70424,1121.70424,1121.70424,2129.115533,2623.927537,2804.367425,2926.540222,3220.119182,3834.372299,4283.063469,4932.784553,6871.688498,12061.1663,13412.07621,15967.32995,17870.8564,19767.83411,21485.22846,23665.87048,26628.1347,28410.62997,33084.80493,36020.06384,40011.71141,48569.69428,52218.53431,67651.65664,92875.4506,142046.1172,241826.4432,3509940.283
60,1121.70424,1499.818657,1121.70424,1121.70424,1121.70424,1121.70424,1121.70424,1121.70424,1121.70424,1820.41573,2330.485066,2494.23639,2581.455577,2856.383183,3502.972193,3961.785887,4627.684644,6688.937056,11780.88202,13089.07014,15575.68198,17421.42722,19254.2907,20894.70236,22966.89105,25786.16863,27355.1864,31828.18039,34268.87189,37953.20604,45305.4429,48527.56742,61250.37457,82261.00883,118902.4321,192206.905,1632631.486
61,1121.70424,1430.414954,1121.70424,1121.70424,1121.70424,1121.70424,1121.70424,1121.70424,1121.70424,1519.7097,2045.802799,2194.530361,2248.270691,2506.182882,3185.505871,3655.048707,4337.528949,6508.086208,11504.79963,12771.10356,15190.41568,16980.46298,18752.14788,20319.79966,22290.73718,24974.69192,26351.8195,30633.13702,32644.75641,36054.222,42393.61038,45261.07108,55870.65638,73684.39982,101939.8359,158620.5569,710291.1959
62,1121.70424,1362.435385,1121.70424,1121.70424,1121.70424,1121.70424,1121.70424,1121.70424,1121.70424,1226.691573,1769.494777,1904.733014,1926.381354,2168.777535,2881.113393,3361.887326,4061.246282,6329.106595,11232.82577,12458.0601,14811.37748,16547.7284,18261.03253,19759.91189,21636.31418,24192.08686,25396.78407,29495.28235,31134.43081,34297.00088,39780.34169,42350.20049,51287.48565,66615.74259,89014.37943,134527.6108,421961.113
63,1121.70424,1295.836569,1121.70424,1121.70424,1121.70424,1121.70424,1121.70424,1121.70424,1121.70424,1121.70424,1501.197359,1624.36153,1615.223528,1843.479413,2589.0041,3081.420564,3797.865397,6151.969456,10964.86985,12149.82695,14438.41865,16122.99682,17780.58759,19214.46163,21002.59596,23436.84768,24486.68438,28410.62997,29726.39162,32666.31515,37422.17823,39740.17174,47337.11324,60692.96552,78860.34998,116476.7093,290626.3779
64,1121.70424,1230.576868,1121.70424,1121.70424,1121.70424,1121.70424,1121.70424,1121.70424,1121.70424,1121.70424,1240.567628,1352.963923,1314.270067,1529.649151,2308.449783,2812.841841,3546.503602,5976.646615,10700.84388,11846.29469,14071.39515,15706.04975,17310.47115,18682.90056,20388.61977,22707.57106,23618.4344,27375.55385,28410.62997,31149.03426,35283.67293,37386.85877,43897.6068,55660.58407,70685.64442,102488.8353,217989.4047
65,1121.70424,1166.616303,1121.70424,1121.70424,1121.70424,1121.70424,1121.70424,1121.70424,1121.70424,1121.70424,1121.70424,1121.70424,1121.70424,1226.691573,2038.778638,2555.411452,3306.356896,5803.110464,10440.66244,11547.35717,13710.16741,15296.67655,16850.35568,18164.70763,19793.48142,22002.9476,22789.22342,26386.74869,27178.39723,29733.77689,33335.63122,35254.33015,40876.34733,51333.35579,63970.79077,91354.17002,172745.6322
66,1121.70424,1121.70424,1121.70424,1121.70424,1121.70424,1121.70424,1121.70424,1121.70424,1121.70424,1121.70424,1121.70424,1121.70424,1121.70424,1121.70424,1779.369913,2308.449783,3076.691396,5631.333952,10184.24253,11252.91141,13354.60017,14894.67407,16399.92728,17659.38743,19216.33087,21321.75412,21996.48612,25441.19534,26022.01326,28410.62997,31553.79479,33313.03714,38201.74702,47573.80257,58361.76801,82294.4635,142210.3097
67,1121.70424,1121.70424,1121.70424,1121.70424,1121.70424,1121.70424,1121.70424,1121.70424,1121.70424,1121.70424,1121.70424,1121.70424,1121.70424,1121.70424,1529.649151,2071.331327,2856.835857,5461.290568,9931.50353,10962.85747,13004.56235,14499.84632,15958.88499,17166.46863,18656.36829,20662.8467,21237.87639,24536.1306,24934.70855,27170.91997,29917.84359,31538.4608,35817.61787,44277.81457,53609.44089,74787.86413,120377.6741
68,1121.70424,1121.70424,1121.70424,1121.70424,1121.70424,1121.70424,1121.70424,1121.70424,1121.70424,1121.70424,1121.70424,1121.70424,1121.70424,1121.70424,1289.08396,1843.479413,2646.175134,5292.954329,9682.367101,10677.09835,12659.92685,14112.00416,15526.94014,16685.50252,18112.84039,20025.1544,20511.2445,23669.02079,23910.49354,26007.02565,28410.62997,29910.08852,33679.25355,41365.14713,49533.64946,68472.17262,104074.6666
69,1121.70424,1121.70424,1121.70424,1121.70424,1121.70424,1121.70424,1121.70424,1121.70424,1121.70424,1121.70424,1121.70424,1121.70424,1121.70424,1121.70424,1121.70424,1624.36153,2444.14444,5126.299766,9436.757092,10395.53983,12320.57039,13730.96499,15103.81569,16216.06169,17585.03712,19407.67354,19814.61704,22837.53846,22944.04965,24912.22357,27017.58444,28410.62997,31750.64676,38772.97972,46001.03382,63088.57986,91482.19167
70,1121.70424,1121.70424,1121.70424,1121.70424,1121.70424,1121.70424,1121.70424,1121.70424,1121.70424,1121.70424,1121.70424,1121.70424,1121.70424,1121.70424,1121.70424,1413.485182,2250.224299,4961.301915,9194.599481,10118.09047,11986.37343,13356.55251,14689.24572,15757.73879,17072.28858,18809.46253,19146.17922,22039.54188,22030.63817,23880.56005,25726.24989,27025.40993,30002.47682,36451.44769,42910.85608,58447.49851,81489.25598
71,1121.70424,1121.70424,1121.70424,1121.70424,1121.70424,1121.70424,1121.70424,1121.70424,1121.70424,1121.70424,1121.70424,1121.70424,1121.70424,1121.70424,1121.70424,1210.394203,2063.936095,4797.936298,8955.822294,9844.661419,11657.21997,12988.59641,14282.97481,15310.14535,16573.96227,18229.63712,18504.25929,21273.05698,21166.02348,22906.74437,24525.91304,25741.89308,28410.62997,34360.47774,40185.65807,54407.03124,73382.1896
72,1121.70424,1121.70424,1121.70424,1121.70424,1121.70424,1121.70424,1121.70424,1121.70424,1121.70424,1121.70424,1121.70424,1121.70424,1121.70424,1121.70424,1121.70424,1121.70424,1884.83813,4636.178919,8720.355537,9575.16636,11332.99743,12626.93214,13884.75757,14872.91073,16089.46053,17667.36619,17887.3148,20536.26131,20346.40819,21986.05916,23407.31035,24549.30858,26955.09524,32467.50515,37764.94121,50858.96295,66683.24803
73,1121.70424,1121.70424,1121.70424,1121.70424,1121.70424,1121.70424,1121.70424,1121.70424,1121.70424,1121.70424,1121.70424,1121.70424,1121.70424,1121.70424,1121.70424,1121.70424,1712.522136,4476.006245,8488.131128,9309.521427,11013.59657,12271.40066,13494.35816,14445.68108,15618.21814,17121.86775,17293.92029,19827.46976,19568.37798,21114.28506,22362.39129,23438.35084,25619.12929,30745.79944,35600.7904,47719.3909,61061.45199
74,1121.70424,1121.70424,1121.70424,1121.70424,1121.70424,1121.70424,1121.70424,1121.70424,1121.70424,1121.70424,1121.70424,1121.70424,1121.70424,1121.70424,1121.70424,1121.70424,1546.61017,4317.3952,8259.082832,9047.645107,10698.91131,11921.84824,13111.5498,14028.11844,15159.70017,16592.40543,16722.7565,19145.12195,18828.85464,20287.63677,21384.12654,22400.93911,24388.61694,29173.21774,33654.78072,44922.30232,56280.75136
75,1121.70424,1121.70424,1121.70424,1121.70424,1121.70424,1121.70424,1121.70424,1121.70424,1121.70424,1121.70424,1121.70424,1121.70424,1121.70424,1121.70424,1121.70424,1121.70424,1386.75185,4160.323151,8033.146199,8789.458165,10388.83866,11578.12619,12736.11437,13619.89983,14713.40001,16078.28517,16172.60065,18487.77089,18125.05573,19502.70879,20466.35135,21430.02276,23251.57594,27731.26396,31895.75015,42415.07589,52168.56489
76,1121.70424,1121.70424,1121.70424,1121.70424,1121.70424,1121.70424,1121.70424,1121.70424,1121.70424,1121.70424,1121.70424,1121.70424,1121.70424,1121.70424,1121.70424,1121.70424,1232.621892,4004.767901,7810.258505,8534.883558,10083.27856,11240.09069,12367.84198,13220.71646,14278.83749,15578.85228,15642.31779,17854.07295,17454.46002,18756.42905,19603.63686,20519.42251,22197.76946,26404.36975,30298.16902,40155.26925,48595.9726
77,1121.70424,1121.70424,1121.70424,1121.70424,1121.70424,1121.70424,1121.70424,1121.70424,1121.70424,1121.70424,1121.70424,1121.70424,1121.70424,1121.70424,1121.70424,1121.70424,1121.70424,3850.707673,7590.358697,8283.846368,9782.133851,10907.60262,12006.5306,12830.27293,13855.55721,15093.48866,15130.85311,17242.77876,16814.77753,18046.01915,18791.18363,19663.70016,21218.40004,25179.33879,28840.92818,38108.28481,45464.8433
78,1121.70424,1121.70424,1121.70424,1121.70424,1121.70424,1121.70424,1121.70424,1121.70424,1121.70424,1121.70424,1121.70424,1121.70424,1121.70424,1121.70424,1121.70424,1121.70424,1121.70424,3698.121106,7373.387332,8036.273724,9485.310095,10580.5273,11651.9857,12448.28654,13443.12694,14621.6103,14637.22494,16652.72515,16203.92373,17368.96021,18024.73321,18858.05086,20305.86555,24044.91276,27506.42604,36245.6469,42699.23438
79,1121.70424,1121.70424,1121.70424,1121.70424,1121.70424,1121.70424,1121.70424,1121.70424,1121.70424,1121.70424,1121.70424,1121.70424,1121.70424,1121.70424,1121.70424,1121.70424,1121.70424,3546.987242,7159.28653,7792.094734,9192.715528,10258.73436,11304.0199,12074.4866,13041.1362,14162.66497,14160.5186,16082.82785,15619.99701,16722.96324,17300.4941,18098.21373,19453.5632,22991.42897,26279.87206,34543.71189,40239.50429
80,1121.70424,1121.70424,1121.70424,1121.70424,1121.70424,1121.70424,1121.70424,1121.70424,1121.70424,1121.70424,1121.70424,1121.70424,1121.70424,1121.70424,1121.70424,1121.70424,1121.70424,3397.285516,6947.99992,7551.240421,8904.260951,9942.097596,10962.45263,11708.61381,12649.19489,13716.13007,13699.88076,15532.07494,15061.25907,16105.94361,16615.07954,17380.39709,18655.73081,22010.54804,25148.74934,32982.68999,38038.19417
81,1121.70424,1121.70424,1121.70424,1121.70424,1121.70424,1121.70424,1121.70424,1121.70424,1121.70424,1121.70424,1121.70424,1121.70424,1121.70424,1121.70424,1121.70424,1121.70424,1121.70424,3248.99575,6739.472593,7313.643656,8619.859642,9630.494731,10627.10986,11350.41967,12266.93205,13281.51072,13254.51437,14999.52089,14526.11782,15515.99877,15965.45505,16701.21573,17907.31731,21095.03534,24102.39557,31545.89446,36057.09072
82,1121.70424,1121.70424,1121.70424,1121.70424,1121.70424,1121.70424,1121.70424,1121.70424,1121.70424,1121.70424,1121.70424,1121.70424,1121.70424,1121.70424,1121.70424,1121.70424,1121.70424,3102.098139,6533.651055,7079.239098,8339.427272,9323.80733,10297.82379,10999.66593,11893.9947,12858.33792,12823.67414,14484.28129,14013.11232,14951.38881,15348.89381,16057.63794,17203.8765,20238.58428,23131.67305,30219.15907,34265.09506
83,1121.70424,1121.70424,1121.70424,1121.70424,1121.70424,1121.70424,1121.70424,1121.70424,1121.70424,1121.70424,1121.70424,1121.70424,1121.70424,1121.70424,1121.70424,1121.70424,1121.70424,2956.573249,6330.483179,6847.963136,8062.881824,9021.92062,9974.432551,10656.12406,11530.04678,12446.16687,12406.66241,13985.52792,13520.8996,14410.51952,14762.9387,15446.9406,16541.47926,19435.67247,22228.70654,28990.38163,32636.65177
84,1121.70424,1121.70424,1121.70424,1121.70424,1121.70424,1121.70424,1121.70424,1121.70424,1121.70424,1121.70424,1121.70424,1121.70424,1121.70424,1121.70424,1121.70424,1121.70424,1121.70424,2812.402001,6129.918168,6619.75383,7790.143514,8724.723358,9656.779989,10319.57474,11174.76813,12044.57548,12002.82539,13502.48443,13048.24298,13891.92741,14205.36981,14866.67098,15916.6406,18681.44369,21386.67324,27849.1628,31150.57449
85,1121.70424,1121.70424,1121.70424,1121.70424,1121.70424,1121.70424,1121.70424,1121.70424,1121.70424,1121.70424,1121.70424,1121.70424,1121.70424,1121.70424,1121.70424,1121.70424,1121.70424,2669.565671,5931.906504,6394.550858,7521.134715,8432.107697,9344.715388,9989.807444,10827.85359,11653.1629,11611.5498,13034.42233,12594.00178,13394.26666,13674.17653,14314.61399,15326.2587,17971.61059,20599.63324,26786.518,29789.15634
86,1121.70424,1121.70424,1121.70424,1121.70424,1121.70424,1121.70424,1121.70424,1121.70424,1121.70424,1121.70424,1121.70424,1121.70424,1121.70424,1121.70424,1121.70424,1121.70424,1121.70424,2528.045873,5736.399918,6172.295465,7255.779887,8143.969056,9038.093242,9666.619991,10489.0121,11271.54822,11232.25974,12580.65736,12157.12219,12916.29754,13167.53348,13788.76416,14767.5637,17302.37393,19862.39165,25794.64567,28537.4881
87,1121.70424,1121.70424,1121.70424,1121.70424,1121.70424,1121.70424,1121.70424,1121.70424,1121.70424,1121.70424,1121.70424,1121.70424,1121.70424,1121.70424,1121.70424,1121.70424,1121.70424,2387.82456,5543.351341,5952.930409,6994.005504,7860.205998,8736.773036,9349.818116,10157.96592,10899.36927,10864.41394,12140.5462,11736.6292,12456.87613,12683.7797,13287.30141,14238.07455,16670.3551,19170.38563,24866.73949,27382.92995
88,1121.70424,1121.70424,1121.70424,1121.70424,1121.70424,1121.70424,1121.70424,1121.70424,1121.70424,1121.70424,1121.70424,1121.70424,1121.70424,1121.70424,1121.70424,1121.70424,1121.70424,2248.884009,5352.714877,5736.399918,6735.739994,7580.720115,8440.619031,9039.215109,9834.449882,10536.28142,10507.50318,11713.48346,11331.61934,12014.94531,12221.40055,12808.5702,13735.56231,16072.53962,18519.59146,23996.83513,26314.69793
89,1121.70424,1121.70424,1121.70424,1121.70424,1121.70424,1121.70424,1121.70424,1121.70424,1121.70424,1121.70424,1121.70424,1121.70424,1121.70424,1121.70424,1121.70424,1121.70424,1121.70424,2111.206819,5164.445759,5522.649637,6480.913667,7305.415914,8149.500065,8734.631444,9518.21067,10181.95662,10161.04795,11298.89892,10941.25427,11589.52666,11779.01196,12351.06128,13258.01897,15506.22944,17906.44737,23179.68445,25323.53724
90,1121.70424,1121.70424,1121.70424,1121.70424,1121.70424,1121.70424,1121.70424,1121.70424,1121.70424,1121.70424,1121.70424,1121.70424,1121.70424,1121.70424,1121.70424,1121.70424,1121.70424,1974.775901,4978.500319,5311.62659,6229.458659,7034.200713,7863.289363,8435.894442,9209.006178,9836.08235,9824.596331,10896.25505,10564.755,11179.71329,11355.3467,11913.396,12803.63079,14969.00253,17327.78928,22410.65147,24401.46194
91,1121.70424,1121.70424,1121.70424,1121.70424,1121.70424,1121.70424,1121.70424,1121.70424,1121.70424,1121.70424,1121.70424,1121.70424,1121.70424,1121.70424,1121.70424,1121.70424,1121.70424,1839.574473,4794.835951,5103.279131,5981.308873,6766.984534,7581.864355,8142.837941,8906.604898,9498.360741,9497.722017,10505.04466,10201.39675,10784.66341,10949.2423,11494.3124,12370.75536,14458.67851,16780.79696,21685.62593,23541.54579
92,1121.70424,1121.70424,1121.70424,1121.70424,1121.70424,1121.70424,1121.70424,1121.70424,1121.70424,1121.70424,1121.70424,1121.70424,1121.70424,1121.70424,1121.70424,1121.70424,1121.70424,1705.58605,4613.411083,4897.556907,5736.399918,6503.680012,7305.106502,7855.302003,8610.785344,9168.507727,9180.022559,10124.78883,9850.504346,10403.59464,10559.63045,11092.65322,11957.90184,13973.28934,16262.94868,21000.95106,22737.75303
93,1121.70424,1121.70424,1121.70424,1121.70424,1121.70424,1121.70424,1121.70424,1121.70424,1121.70424,1121.70424,1121.70424,1121.70424,1121.70424,1121.70424,1121.70424,1121.70424,1121.70424,1572.79444,4434.185143,4694.410815,5494.669058,6244.202294,7032.901135,7573.132616,8321.335518,8846.252254,8871.117705,9755.034948,9511.447998,10035.77883,10185.52768,10707.35522,11563.71393,13511.05404,15771.98279,20353.36293,21984.80036
94,1121.70424,1121.70424,1121.70424,1121.70424,1121.70424,1121.70424,1121.70424,1121.70424,1121.70424,1121.70424,1121.70424,1121.70424,1121.70424,1121.70424,1121.70424,1121.70424,1121.70424,1441.183738,4257.118531,4493.792963,5256.055158,5988.468958,6765.137297,7296.181428,8038.052411,8531.335543,8570.647895,9395.354957,9183.639599,9680.53746,9826.027102,10337.43983,11186.955,13070.35708,15305.86516,19739.93919,21278.04381
95,1121.70424,1121.70424,1121.70424,1121.70424,1121.70424,1121.70424,1121.70424,1121.70424,1121.70424,1121.70424,1121.70424,1121.70424,1121.70424,1121.70424,1121.70424,1121.70424,1121.70424,1310.738319,4082.172589,4295.656638,5020.498637,5736.399918,6501.707596,7024.305492,7760.741528,8223.510409,8278.272877,9045.343691,8866.529316,9337.237501,9480.291118,9982.004931,10826.49521,12649.72959,14862.76132,19158.05569,20613.38532
96,1121.70424,1121.70424,1121.70424,1121.70424,1121.70424,1121.70424,1121.70424,1121.70424,1121.70424,1121.70424,1121.70424,1121.70424,1121.70424,1121.70424,1121.70424,1121.70424,1121.70424,1181.442829,3909.309574,4099.956264,4787.941411,5487.917347,6242.508061,6757.367015,7489.21645,7922.540618,7993.670425,8704.617376,8559.602537,9005.287646,9147.544913,9640.217519,10481.30022,12247.83314,14441.01257,18605.34948,19987.19513
97,1121.70424,1121.70424,1121.70424,1121.70424,1121.70424,1121.70424,1121.70424,1121.70424,1121.70424,1121.70424,1121.70424,1121.70424,1121.70424,1121.70424,1121.70424,1121.70424,1121.70424,1121.70424,3738.492628,3906.647372,4558.326855,5242.945601,5987.438009,6495.233137,7223.29842,7628.200288,7716.53517,8372.812246,8262.377094,8684.134946,8827.070698,9311.307208,10150.42133,11863.44553,14039.11554,18079.68718,19396.24702
98,1121.70424,1121.70424,1121.70424,1121.70424,1121.70424,1121.70424,1121.70424,1121.70424,1121.70424,1121.70424,1121.70424,1121.70424,1121.70424,1121.70424,1121.70424,1121.70424,1121.70424,1121.70424,3569.68576,3715.686564,4331.599752,5001.411136,5736.399918,6237.775707,6962.815953,7340.273328,7446.577506,8049.583249,7974.400752,8373.261754,8518.202563,8994.560474,9832.986799,11495.44853,13655.70437,17579.13785,18837.66404
99,1121.70424,1121.70424,1121.70424,1121.70424,1121.70424,1121.70424,1121.70424,1121.70424,1121.70424,1121.70424,1121.70424,1121.70424,1121.70424,1121.70424,1121.70424,1121.70424,1121.70424,1121.70424,3402.85381,3527.031482,4107.706255,4763.242441,5489.299298,5984.871079,6707.604472,7058.552919,7183.522592,7734.602867,7695.248923,8072.18295,8220.321876,8689.315499,9528.194193,11142.81703,13289.53544,17101.94956,18308.8726
100,1121.70424,1121.70424,1121.70424,1121.70424,1121.70424,1121.70424,1121.70424,1121.70424,1121.70424,1121.70424,1121.70424,1121.70424,1121.70424,1121.70424,1121.70424,1121.70424,1121.70424,1121.70424,3237.962436,3340.640778,3886.593838,4528.369968,5246.044585,5736.399918,6457.505962,6782.841018,6927.109421,7427.560017,7424.522586,7780.44343,7932.853161,8394.957583,9235.303648,10804.60954,12939.47399,16646.52922,17807.56373
101,1121.70424,1121.70424,1121.70424,1121.70424,1121.70424,1121.70424,1121.70424,1121.70424,1121.70424,1121.70424,1121.70424,1121.70424,1121.70424,1121.70424,1121.70424,1121.70424,1121.70424,1121.70424,3074.978082,3156.474084,3668.211263,4296.726063,5006.547017,5492.247008,6212.36865,6512.947901,6677.089964,7128.159033,7161.846396,7497.615825,7655.260408,8110.915021,8953.631888,10479.95988,12604.4825,16211.42497,17331.66001
102,1121.70424,1121.70424,1121.70424,1121.70424,1121.70424,1121.70424,1121.70424,1121.70424,1121.70424,1121.70424,1121.70424,1121.70424,1121.70424,1121.70424,1121.70424,1121.70424,1121.70424,1121.70424,2913.867961,2974.49198,3452.508534,4068.244904,4770.720538,5252.301084,5972.046698,6248.691731,6433.228375,6836.118725,6906.866952,7223.29842,7387.043745,7836.655414,8682.546919,10168.06978,12283.6105,15795.31095,16879.28736
103,1121.70424,1121.70424,1121.70424,1121.70424,1121.70424,1121.70424,1121.70424,1121.70424,1121.70424,1121.70424,1121.70424,1121.70424,1121.70424,1121.70424,1121.70424,1121.70424,1121.70424,1121.70424,2754.60003,2794.655973,3239.436866,3842.862441,4538.481689,5016.454659,5736.399918,5989.898155,6195.300247,6551.171507,6659.251218,6957.113258,7127.736447,7571.682352,8421.463309,9868.202369,11975.98564,15396.97389,16448.75089
104,1121.70424,1121.70424,1121.70424,1121.70424,1121.70424,1121.70424,1121.70424,1121.70424,1121.70424,1121.70424,1121.70424,1121.70424,1121.70424,1121.70424,1121.70424,1121.70424,1121.70424,1121.70424,2597.14297,2616.928463,3028.948645,3620.516334,4309.749515,4784.603868,5505.293498,5736.399918,5963.091936,6273.062582,6418.685083,6698.704414,6876.902235,7315.532424,8169.837982,9579.676378,11680.80586,15015.3015,16038.51399
105,1121.70424,1121.70424,1121.70424,1121.70424,1121.70424,1121.70424,1121.70424,1121.70424,1121.70424,1121.70424,1121.70424,1121.70424,1121.70424,1121.70424,1121.70424,1121.70424,1121.70424,1121.70424,2441.466167,2441.272721,2820.997395,3401.145897,4084.44547,4556.648316,5278.597752,5488.036512,5736.399918,6001.549193,6184.872031,6447.736412,6634.132836,7067.772522,7927.166457,9301.861011,11397.33243,14649.27216,15647.18038
106,1121.70424,1121.70424,1121.70424,1121.70424,1121.70424,1121.70424,1121.70424,1121.70424,1121.70424,1121.70424,1121.70424,1121.70424,1121.70424,1121.70424,1121.70424,1121.70424,1121.70424,1121.70424,2287.539691,2267.652864,2615.537742,3184.692046,3862.49333,4332.490935,5056.187875,5244.653839,5515.030199,5736.399918,5957.53193,6203.892782,6399.045771,6827.997408,7692.979482,9034.171355,11124.88388,14297.94591,15273.47851
107,1121.70424,1121.70424,1121.70424,1121.70424,1121.70424,1121.70424,1121.70424,1121.70424,1121.70424,1121.70424,1121.70424,1121.70424,1121.70424,1121.70424,1121.70424,1121.70424,1121.70424,1121.70424,2135.334278,2096.03383,2412.525385,2971.097245,3643.819106,4112.037847,4837.943721,5006.103892,5298.797767,5477.394015,5736.399918,5966.874727,6171.282355,6595.82751,7466.840011,8776.064284,10862.8305,13960.45642,14916.24792
108,1121.70424,1121.70424,1121.70424,1121.70424,1121.70424,1121.70424,1121.70424,1121.70424,1121.70424,1121.70424,1121.70424,1121.70424,1121.70424,1121.70424,1121.70424,1121.70424,1121.70424,1121.70424,1984.82131,1926.381354,2211.917061,2760.305454,3428.350967,3895.198236,4623.74958,4772.244458,5087.526076,5224.32082,5521.225372,5736.399918,5950.505871,6370.906919,7248.340492,8527.034797,10610.5896,13636.00399,14574.42748
109,1121.70424,1121.70424,1121.70424,1121.70424,1121.70424,1121.70424,1121.70424,1121.70424,1121.70424,1121.70424,1121.70424,1121.70424,1121.70424,1121.70424,1121.70424,1121.70424,1121.70424,1121.70424,1835.972797,1758.661949,2013.670518,2552.262085,3216.019154,3681.884222,4413.493983,4542.938842,4881.046565,4976.979175,5311.770972,5512.201364,5736.399918,6152.901578,7037.10042,8286.612735,10367.62113,13323.84926,14247.04497
110,1121.70424,1121.70424,1121.70424,1121.70424,1121.70424,1121.70424,1121.70424,1121.70424,1121.70424,1121.70424,1121.70424,1121.70424,1121.70424,1121.70424,1121.70424,1121.70424,1121.70424,1121.70424,1688.761365,1592.842878,1817.744483,2346.913952,3006.755916,3472.010745,4207.069507,4318.055596,4679.19822,4735.176898,5107.811826,5294.026397,5528.666901,5941.49763,6832.764132,8054.359827,10133.42393,13023.30759,13933.208
111,1121.70424,1121.70424,1121.70424,1121.70424,1121.70424,1121.70424,1121.70424,1121.70424,1121.70424,1121.70424,1121.70424,1121.70424,1121.70424,1121.70424,1121.70424,1121.70424,1121.70424,1121.70424,1543.160232,1428.892141,1624.098637,2144.209229,2800.495432,3265.495455,4004.372592,4097.468274,4481.82715,4498.730293,4909.134667,5081.635714,5327.026659,5736.399918,6634.998811,7829.867037,9907.532229,12733.74418,13632.09599
112,1121.70424,1121.70424,1121.70424,1121.70424,1121.70424,1121.70424,1121.70424,1121.70424,1121.70424,1121.70424,1121.70424,1121.70424,1121.70424,1121.70424,1121.70424,1121.70424,1121.70424,1121.70424,1399.143196,1266.778446,1432.693584,1944.097403,2597.173743,3062.2586,3805.303372,3881.055198,4288.786199,4267.463682,4715.537115,4874.802516,5131.2152,5537.330606,6443.492686,7612.752165,9689.512638,12454.56955,13342.95313
113,1121.70424,1121.70424,1121.70424,1121.70424,1121.70424,1121.70424,1121.70424,1121.70424,1121.70424,1121.70424,1121.70424,1121.70424,1121.70424,1121.70424,1121.70424,1121.70424,1121.70424,1121.70424,1256.684621,1121.70424,1243.490829,1746.529239,2396.728691,2862.22293,3609.765509,3668.699231,4099.934585,4041.208976,4526.826991,4673.311694,4940.983561,5344.027936,6257.953391,7402.657684,9478.961347,12185.23562,13065.08214
114,1121.70424,1121.70424,1121.70424,1121.70424,1121.70424,1121.70424,1121.70424,1121.70424,1121.70424,1121.70424,1121.70424,1121.70424,1121.70424,1121.70424,1121.70424,1121.70424,1121.70424,1121.70424,1121.70424,1121.70424,1121.70424,1551.456732,2199.099852,2665.313595,3417.666042,3460.287572,3915.137554,3819.805271,4342.82168,4476.959091,4756.096747,5156.245077,6078.106479,7199.248784,9275.501665,11925.23211,12797.83868
115,1121.70424,1121.70424,1121.70424,1121.70424,1121.70424,1121.70424,1121.70424,1121.70424,1121.70424,1121.70424,1121.70424,1121.70424,1121.70424,1121.70424,1121.70424,1121.70424,1121.70424,1121.70424,1121.70424,1121.70424,1121.70424,1358.833078,2004.228478,2471.458058,3228.915237,3255.711555,3734.266067,3603.098465,4163.347547,4285.550812,4576.332767,4973.749081,5903.694074,7002.211595,9078.78178,11674.08337,12540.62648
116,1121.70424,1121.70424,1121.70424,1121.70424,1121.70424,1121.70424,1121.70424,1121.70424,1121.70424,1121.70424,1121.70424,1121.70424,1121.70424,1121.70424,1121.70424,1121.70424,1121.70424,1121.70424,1121.70424,1121.70424,1121.70424,1168.612627,1812.057439,2280.586002,3043.426451,3054.866463,3557.196496,3390.940907,3988.239391,4098.902589,4401.481751,4796.319913,5734.473636,6811.251578,8888.472741,11431.34548,12292.89292
117,1121.70424,1121.70424,1121.70424,1121.70424,1121.70424,1121.70424,1121.70424,1121.70424,1121.70424,1121.70424,1121.70424,1121.70424,1121.70424,1121.70424,1121.70424,1121.70424,1121.70424,1121.70424,1121.70424,1121.70424,1121.70424,1121.70424,1622.531169,2092.629247,2861.116001,2857.651348,3383.810344,3183.19106,3817.339938,3916.839191,4231.345131,4623.74958,5570.216841,6626.092057,8704.266633,11196.60367,12054.12514
118,1121.70424,1121.70424,1121.70424,1121.70424,1121.70424,1121.70424,1121.70424,1121.70424,1121.70424,1121.70424,1121.70424,1121.70424,1121.70424,1121.70424,1121.70424,1121.70424,1121.70424,1121.70424,1121.70424,1121.70424,1121.70424,1121.70424,1435.59561,1907.521673,2681.903036,2663.968868,3213.993985,2979.713192,3650.499375,3739.193877,4065.734889,4455.841308,5410.708553,6446.472892,8525.874925,10969.46993,11823.84652
119,1121.70424,1121.70424,1121.70424,1121.70424,1121.70424,1121.70424,1121.70424,1121.70424,1121.70424,1121.70424,1121.70424,1121.70424,1121.70424,1121.70424,1121.70424,1121.70424,1121.70424,1121.70424,1121.70424,1121.70424,1121.70424,1121.70424,1251.198166,1725.199136,2505.709419,2473.725122,3047.638413,2780.377076,3487.574908,3565.807888,3904.472871,4292.408805,5255.745885,6272.149256,8353.02697,10749.58094,11601.61354
120,1121.70424,1121.70424,1121.70424,1121.70424,1121.70424,1121.70424,1121.70424,1121.70424,1121.70424,1121.70424,1121.70424,1121.70424,1121.70424,1121.70424,1121.70424,1121.70424,1121.70424,1121.70424,1121.70424,1121.70424,1121.70424,1121.70424,1121.70424,1545.599403,2332.459617,2286.829504,2884.63901,2585.057721,3328.43036,3396.529975,3747.390146,4133.275566,5105.137343,6102.89053,8185.468639,10536.59611,11387.01299
121,1121.70424,1121.70424,1121.70424,1121.70424,1121.70424,1121.70424,1121.70424,1121.70424,1121.70424,1121.70424,1121.70424,1121.70424,1121.70424,1121.70424,1121.70424,1121.70424,1121.70424,1121.70424,1121.70424,1121.70424,1121.70424,1121.70424,1121.70424,1368.662074,2162.08059,2103.194556,2724.89533,2393.635106,3172.935793,3231.215962,3594.326414,3978.274242,4958.702035,5938.479286,8022.961085,10330.19581,11179.65938
122,1121.70424,1121.70424,1121.70424,1121.70424,1121.70424,1121.70424,1121.70424,1121.70424,1121.70424,1121.70424,1121.70424,1121.70424,1121.70424,1121.70424,1121.70424,1121.70424,1121.70424,1121.70424,1121.70424,1121.70424,1121.70424,1121.70424,1121.70424,1194.328522,1994.501691,1922.735838,2568.310893,2205.99394,3020.967151,3069.728337,3445.12947,3827.246054,4816.268948,5778.710356,7865.279612,10130.07986,10979.19271
123,1121.70424,1121.70424,1121.70424,1121.70424,1121.70424,1121.70424,1121.70424,1121.70424,1121.70424,1121.70424,1121.70424,1121.70424,1121.70424,1121.70424,1121.70424,1121.70424,1121.70424,1121.70424,1121.70424,1121.70424,1121.70424,1121.70424,1121.70424,1121.70424,1829.654569,1745.371793,2414.792989,2022.023427,2872.405933,2911.93587,3299.654692,3680.040252,4677.676283,5623.389984,7712.21264,9935.965982,10785.27637
124,1121.70424,1121.70424,1121.70424,1121.70424,1121.70424,1121.70424,1121.70424,1121.70424,1121.70424,1121.70424,1121.70424,1121.70424,1121.70424,1121.70424,1121.70424,1121.70424,1121.70424,1121.70424,1121.70424,1121.70424,1121.70424,1121.70424,1121.70424,1121.70424,1667.473077,1571.023629,2264.252495,1841.617055,2727.138887,2757.713261,3157.764577,3536.513612,4542.770844,5472.335042,7563.560767,9747.588557,10597.5953
125,1121.70424,1121.70424,1121.70424,1121.70424,1121.70424,1121.70424,1121.70424,1121.70424,1121.70424,1121.70424,1121.70424,1121.70424,1121.70424,1121.70424,1121.70424,1121.70424,1121.70424,1121.70424,1121.70424,1121.70424,1121.70424,1121.70424,1121.70424,1121.70424,1507.893182,1399.615204,2116.603709,1664.672386,2585.057721,2606.940807,3019.32831,3396.529975,4411.407473,5325.37231,7419.135904,9564.697378,10415.85425
126,1121.70424,1121.70424,1121.70424,1121.70424,1121.70424,1121.70424,1121.70424,1121.70424,1121.70424,1121.70424,1121.70424,1121.70424,1121.70424,1121.70424,1121.70424,1121.70424,1121.70424,1121.70424,1121.70424,1121.70424,1121.70424,1121.70424,1121.70424,1121.70424,1350.852882,1231.07291,1971.764183,1491.090865,2446.058837,2459.504096,2884.221363,3259.959815,4283.448529,5182.337817,7278.760484,9387.056567,10239.7763
127,1121.70424,1121.70424,1121.70424,1121.70424,1121.70424,1121.70424,1121.70424,1121.70424,1121.70424,1121.70424,1121.70424,1121.70424,1121.70424,1121.70424,1121.70424,1121.70424,1121.70424,1121.70424,1121.70424,1121.70424,1121.70424,1121.70424,1121.70424,1121.70424,1196.29213,1121.70424,1829.654569,1320.777641,2310.043074,2315.293713,2752.325118,3126.67984,4158.763411,5043.076234,7142.266738,9214.443554,10069.10146
128,1121.70424,1121.70424,1121.70424,1121.70424,1121.70424,1121.70424,1121.70424,1121.70424,1121.70424,1121.70424,1121.70424,1121.70424,1121.70424,1121.70424,1121.70424,1121.70424,1121.70424,1121.70424,1121.70424,1121.70424,1121.70424,1121.70424,1121.70424,1121.70424,1121.70424,1121.70424,1690.198479,1153.641389,2176.915482,2174.204976,2623.526526,2996.572623,4037.22811,4907.440307,7009.496032,9046.648161,9903.585348
129,1121.70424,1121.70424,1121.70424,1121.70424,1121.70424,1121.70424,1121.70424,1121.70424,1121.70424,1121.70424,1121.70424,1121.70424,1121.70424,1121.70424,1121.70424,1121.70424,1121.70424,1121.70424,1121.70424,1121.70424,1121.70424,1121.70424,1121.70424,1121.70424,1121.70424,1121.70424,1553.322346,1121.70424,2046.58509,2036.13768,2497.717778,2869.526258,3918.724798,4775.290346,6880.298247,8883.471749,9742.998089
130,1121.70424,1121.70424,1121.70424,1121.70424,1121.70424,1121.70424,1121.70424,1121.70424,1121.70424,1121.70424,1121.70424,1121.70424,1121.70424,1121.70424,1121.70424,1121.70424,1121.70424,1121.70424,1121.70424,1121.70424,1121.70424,1121.70424,1121.70424,1121.70424,1121.70424,1121.70424,1418.955295,1121.70424,1918.964711,1900.995858,2374.796011,2745.434036,3803.141453,4646.49374,6754.531224,8724.726435,9587.123236
131,1121.70424,1121.70424,1121.70424,1121.70424,1121.70424,1121.70424,1121.70424,1121.70424,1121.70424,1121.70424,1121.70424,1121.70424,1121.70424,1121.70424,1121.70424,1121.70424,1121.70424,1121.70424,1121.70424,1121.70424,1121.70424,1121.70424,1121.70424,1121.70424,1121.70424,1121.70424,1287.02902,1121.70424,1793.970739,1768.687566,2254.663024,2624.194151,3690.371501,4520.924516,6632.060236,8570.234382,9435.756809
132,1121.70424,1121.70424,1121.70424,1121.70424,1121.70424,1121.70424,1121.70424,1121.70424,1121.70424,1121.70424,1121.70424,1121.70424,1121.70424,1121.70424,1121.70424,1121.70424,1121.70424,1121.70424,1121.70424,1121.70424,1121.70424,1121.70424,1121.70424,1121.70424,1121.70424,1121.70424,1157.477672,1121.70424,1671.522971,1639.124668,2137.225018,2505.709419,3580.31349,4398.462933,6512.757516,8419.827127,9288.706408
133,1121.70424,1121.70424,1121.70424,1121.70424,1121.70424,1121.70424,1121.70424,1121.70424,1121.70424,1121.70424,1121.70424,1121.70424,1121.70424,1121.70424,1121.70424,1121.70424,1121.70424,1121.70424,1121.70424,1121.70424,1121.70424,1121.70424,1121.70424,1121.70424,1121.70424,1121.70424,1121.70424,1121.70424,1551.544434,1512.222645,2022.392351,2389.887019,3472.870788,4278.995094,6396.501808,8273.344982,9145.790407
134,1121.70424,1121.70424,1121.70424,1121.70424,1121.70424,1121.70424,1121.70424,1121.70424,1121.70424,1121.70424,1121.70424,1121.70424,1121.70424,1121.70424,1121.70424,1121.70424,1121.70424,1121.70424,1121.70424,1121.70424,1121.70424,1121.70424,1121.70424,1121.70424,1121.70424,1121.70424,1121.70424,1121.70424,1433.961227,1387.900408,1910.079314,2276.638253,3367.951296,4162.412601,6283.177962,8130.636465,9006.837214
135,1121.70424,1121.70424,1121.70424,1121.70424,1121.70424,1121.70424,1121.70424,1121.70424,1121.70424,1121.70424,1121.70424,1121.70424,1121.70424,1121.70424,1121.70424,1121.70424,1121.70424,1121.70424,1121.70424,1121.70424,1121.70424,1121.70424,1121.70424,1121.70424,1121.70424,1121.70424,1121.70424,1121.70424,1318.702365,1266.080131,1800.203913,2165.878317,3265.46719,4048.612223,6172.676552,7991.557779,8871.684583
136,1121.70424,1121.70424,1121.70424,1121.70424,1121.70424,1121.70424,1121.70424,1121.70424,1121.70424,1121.70424,1121.70424,1121.70424,1121.70424,1121.70424,1121.70424,1121.70424,1121.70424,1121.70424,1121.70424,1121.70424,1121.70424,1121.70424,1121.70424,1121.70424,1121.70424,1121.70424,1121.70424,1121.70424,1205.699641,1146.687083,1692.687673,2057.526091,3165.334673,3937.495594,6064.893527,7855.972336,8740.178992
137,1121.70424,1121.70424,1121.70424,1121.70424,1121.70424,1121.70424,1121.70424,1121.70424,1121.70424,1121.70424,1121.70424,1121.70424,1121.70424,1121.70424,1121.70424,1121.70424,1121.70424,1121.70424,1121.70424,1121.70424,1121.70424,1121.70424,1121.70424,1121.70424,1121.70424,1121.70424,1121.70424,1121.70424,1121.70424,1121.70424,1587.45545,1951.503942,3067.473749,3828.968929,5959.729884,7723.750308,8612.175062
138,1121.70424,1121.70424,1121.70424,1121.70424,1121.70424,1121.70424,1121.70424,1121.70424,1121.70424,1121.70424,1121.70424,1121.70424,1121.70424,1121.70424,1121.70424,1121.70424,1121.70424,1121.70424,1121.70424,1121.70424,1121.70424,1121.70424,1121.70424,1121.70424,1121.70424,1121.70424,1121.70424,1121.70424,1121.70424,1121.70424,1484.435258,1847.737537,2971.808007,3722.942759,5857.091364,7594.768216,8487.535027
139,1121.70424,1121.70424,1121.70424,1121.70424,1121.70424,1121.70424,1121.70424,1121.70424,1121.70424,1121.70424,1121.70424,1121.70424,1121.70424,1121.70424,1121.70424,1121.70424,1121.70424,1121.70424,1121.70424,1121.70424,1121.70424,1121.70424,1121.70424,1121.70424,1121.70424,1121.70424,1121.70424,1121.70424,1121.70424,1121.70424,1383.5581,1746.155671,2878.264425,3619.331689,5756.888176,7468.908544,8366.128244
140,1121.70424,1121.70424,1121.70424,1121.70424,1121.70424,1121.70424,1121.70424,1121.70424,1121.70424,1121.70424,1121.70424,1121.70424,1121.70424,1121.70424,1121.70424,1121.70424,1121.70424,1121.70424,1121.70424,1121.70424,1121.70424,1121.70424,1121.70424,1121.70424,1121.70424,1121.70424,1121.70424,1121.70424,1121.70424,1121.70424,1284.757822,1646.690103,2786.773184,3518.054168,5659.034732,7346.059387,8247.830735
141,1121.70424,1121.70424,1121.70424,1121.70424,1121.70424,1121.70424,1121.70424,1121.70424,1121.70424,1121.70424,1121.70424,1121.70424,1121.70424,1121.70424,1121.70424,1121.70424,1121.70424,1121.70424,1121.70424,1121.70424,1121.70424,1121.70424,1121.70424,1121.70424,1121.70424,1121.70424,1121.70424,1121.70424,1121.70424,1121.70424,1187.970963,1549.275404,2697.267491,3419.03227,5563.449405,7226.114119,8132.524772
142,1121.70424,1121.70424,1121.70424,1121.70424,1121.70424,1121.70424,1121.70424,1121.70424,1121.70424,1121.70424,1121.70424,1121.70424,1121.70424,1121.70424,1121.70424,1121.70424,1121.70424,1121.70424,1121.70424,1121.70424,1121.70424,1121.70424,1121.70424,1121.70424,1121.70424,1121.70424,1121.70424,1121.70424,1121.70424,1121.70424,1121.70424,1453.848815,2609.683423,3322.191504,5470.054302,7108.971085,8020.098487
143,1121.70424,1121.70424,1121.70424,1121.70424,1121.70424,1121.70424,1121.70424,1121.70424,1121.70424,1121.70424,1121.70424,1121.70424,1121.70424,1121.70424,1121.70424,1121.70424,1121.70424,1121.70424,1121.70424,1121.70424,1121.70424,1121.70424,1121.70424,1121.70424,1121.70424,1121.70424,1121.70424,1121.70424,1121.70424,1121.70424,1121.70424,1360.350109,2523.959769,3227.46062,5378.775056,6994.533318,7910.445514
144,1121.70424,1121.70424,1121.70424,1121.70424,1121.70424,1121.70424,1121.70424,1121.70424,1121.70424,1121.70424,1121.70424,1121.70424,1121.70424,1121.70424,1121.70424,1121.70424,1121.70424,1121.70424,1121.70424,1121.70424,1121.70424,1121.70424,1121.70424,1121.70424,1121.70424,1121.70424,1121.70424,1121.70424,1121.70424,1121.70424,1121.70424,1268.721468,2440.03789,3134.771435,5289.540624,6882.708266,7803.46465
145,1121.70424,1121.70424,1121.70424,1121.70424,1121.70424,1121.70424,1121.70424,1121.70424,1121.70424,1121.70424,1121.70424,1121.70424,1121.70424,1121.70424,1121.70424,1121.70424,1121.70424,1121.70424,1121.70424,1121.70424,1121.70424,1121.70424,1121.70424,1121.70424,1121.70424,1121.70424,1121.70424,1121.70424,1121.70424,1121.70424,1121.70424,1178.907361,2357.861585,3044.058674,5202.283108,6773.407551,7699.059553
146,1121.70424,1121.70424,1121.70424,1121.70424,1121.70424,1121.70424,1121.70424,1121.70424,1121.70424,1121.70424,1121.70424,1121.70424,1121.70424,1121.70424,1121.70424,1121.70424,1121.70424,1121.70424,1121.70424,1121.70424,1121.70424,1121.70424,1121.70424,1121.70424,1121.70424,1121.70424,1121.70424,1121.70424,1121.70424,1121.70424,1121.70424,1121.70424,2277.376967,2955.259813,5116.93758,6666.54673,7597.138451
147,1121.70424,1121.70424,1121.70424,1121.70424,1121.70424,1121.70424,1121.70424,1121.70424,1121.70424,1121.70424,1121.70424,1121.70424,1121.70424,1121.70424,1121.70424,1121.70424,1121.70424,1121.70424,1121.70424,1121.70424,1121.70424,1121.70424,1121.70424,1121.70424,1121.70424,1121.70424,1121.70424,1121.70424,1121.70424,1121.70424,1121.70424,1121.70424,2198.532343,2868.314937,5033.441923,6562.045083,7497.613871
148,1121.70424,1121.70424,1121.70424,1121.70424,1121.70424,1121.70424,1121.70424,1121.70424,1121.70424,1121.70424,1121.70424,1121.70424,1121.70424,1121.70424,1121.70424,1121.70424,1121.70424,1121.70424,1121.70424,1121.70424,1121.70424,1121.70424,1121.70424,1121.70424,1121.70424,1121.70424,1121.70424,1121.70424,1121.70424,1121.70424,1121.70424,1121.70424,2121.278104,2783.166606,4951.73668,6459.82541,7400.402398
149,1121.70424,1121.70424,1121.70424,1121.70424,1121.70424,1121.70424,1121.70424,1121.70424,1121.70424,1121.70424,1121.70424,1121.70424,1121.70424,1121.70424,1121.70424,1121.70424,1121.70424,1121.70424,1121.70424,1121.70424,1121.70424,1121.70424,1121.70424,1121.70424,1121.70424,1121.70424,1121.70424,1121.70424,1121.70424,1121.70424,1121.70424,1121.70424,2045.566623,2699.759725,4871.764913,6359.813837,7305.424436
150,1121.70424,1121.70424,1121.70424,1121.70424,1121.70424,1121.70424,1121.70424,1121.70424,1121.70424,1121.70424,1121.70424,1121.70424,1121.70424,1121.70424,1121.70424,1121.70424,1121.70424,1121.70424,1121.70424,1121.70424,1121.70424,1121.70424,1121.70424,1121.70424,1121.70424,1121.70424,1121.70424,1121.70424,1121.70424,1121.70424,1121.70424,1121.70424,1971.352152,2618.041431,4793.472072,6261.939645,7212.603994
151,1121.70424,1121.70424,1121.70424,1121.70424,1121.70424,1121.70424,1121.70424,1121.70424,1121.70424,1121.70424,1121.70424,1121.70424,1121.70424,1121.70424,1121.70424,1121.70424,1121.70424,1121.70424,1121.70424,1121.70424,1121.70424,1121.70424,1121.70424,1121.70424,1121.70424,1121.70424,1121.70424,1121.70424,1121.70424,1121.70424,1121.70424,1121.70424,1898.590738,2537.960978,4716.805871,6166.135099,7121.868488
152,1121.70424,1121.70424,1121.70424,1121.70424,1121.70424,1121.70424,1121.70424,1121.70424,1121.70424,1121.70424,1121.70424,1121.70424,1121.70424,1121.70424,1121.70424,1121.70424,1121.70424,1121.70424,1121.70424,1121.70424,1121.70424,1121.70424,1121.70424,1121.70424,1121.70424,1121.70424,1121.70424,1121.70424,1121.70424,1121.70424,1121.70424,1121.70424,1827.24013,2459.46963,4641.716169,6072.335294,7033.148547
153,1121.70424,1121.70424,1121.70424,1121.70424,1121.70424,1121.70424,1121.70424,1121.70424,1121.70424,1121.70424,1121.70424,1121.70424,1121.70424,1121.70424,1121.70424,1121.70424,1121.70424,1121.70424,1121.70424,1121.70424,1121.70424,1121.70424,1121.70424,1121.70424,1121.70424,1121.70424,1121.70424,1121.70424,1121.70424,1121.70424,1121.70424,1121.70424,1757.259697,2382.520569,4568.154868,5980.47801,6946.37784
154,1121.70424,1121.70424,1121.70424,1121.70424,1121.70424,1121.70424,1121.70424,1121.70424,1121.70424,1121.70424,1121.70424,1121.70424,1121.70424,1121.70424,1121.70424,1121.70424,1121.70424,1121.70424,1121.70424,1121.70424,1121.70424,1121.70424,1121.70424,1121.70424,1121.70424,1121.70424,1121.70424,1121.70424,1121.70424,1121.70424,1121.70424,1121.70424,1688.610356,2307.068795,4496.075801,5890.503571,6861.492914
155,1121.70424,1121.70424,1121.70424,1121.70424,1121.70424,1121.70424,1121.70424,1121.70424,1121.70424,1121.70424,1121.70424,1121.70424,1121.70424,1121.70424,1121.70424,1121.70424,1121.70424,1121.70424,1121.70424,1121.70424,1121.70424,1121.70424,1121.70424,1121.70424,1121.70424,1121.70424,1121.70424,1121.70424,1121.70424,1121.70424,1121.70424,1121.70424,1621.254494,2233.071042,4425.434643,5802.35472,6778.433033
156,1121.70424,1121.70424,1121.70424,1121.70424,1121.70424,1121.70424,1121.70424,1121.70424,1121.70424,1121.70424,1121.70424,1121.70424,1121.70424,1121.70424,1121.70424,1121.70424,1121.70424,1121.70424,1121.70424,1121.70424,1121.70424,1121.70424,1121.70424,1121.70424,1121.70424,1121.70424,1121.70424,1121.70424,1121.70424,1121.70424,1121.70424,1121.70424,1555.155903,2160.485694,4356.188819,5715.976499,6697.140043
157,1121.70424,1121.70424,1121.70424,1121.70424,1121.70424,1121.70424,1121.70424,1121.70424,1121.70424,1121.70424,1121.70424,1121.70424,1121.70424,1121.70424,1121.70424,1121.70424,1121.70424,1121.70424,1121.70424,1121.70424,1121.70424,1121.70424,1121.70424,1121.70424,1121.70424,1121.70424,1121.70424,1121.70424,1121.70424,1121.70424,1121.70424,1121.70424,1490.279713,2089.272708,4288.297415,5631.316127,6617.558228
158,1121.70424,1121.70424,1121.70424,1121.70424,1121.70424,1121.70424,1121.70424,1121.70424,1121.70424,1121.70424,1121.70424,1121.70424,1121.70424,1121.70424,1121.70424,1121.70424,1121.70424,1121.70424,1121.70424,1121.70424,1121.70424,1121.70424,1121.70424,1121.70424,1121.70424,1121.70424,1121.70424,1121.70424,1121.70424,1121.70424,1121.70424,1121.70424,1426.592332,2019.39354,4221.721102,5548.322905,6539.634189
159,1121.70424,1121.70424,1121.70424,1121.70424,1121.70424,1121.70424,1121.70424,1121.70424,1121.70424,1121.70424,1121.70424,1121.70424,1121.70424,1121.70424,1121.70424,1121.70424,1121.70424,1121.70424,1121.70424,1121.70424,1121.70424,1121.70424,1121.70424,1121.70424,1121.70424,1121.70424,1121.70424,1121.70424,1121.70424,1121.70424,1121.70424,1121.70424,1364.061385,1950.811076,4156.422057,5466.948103,6463.316723
160,1121.70424,1121.70424,1121.70424,1121.70424,1121.70424,1121.70424,1121.70424,1121.70424,1121.70424,1121.70424,1121.70424,1121.70424,1121.70424,1121.70424,1121.70424,1121.70424,1121.70424,1121.70424,1121.70424,1121.70424,1121.70424,1121.70424,1121.70424,1121.70424,1121.70424,1121.70424,1121.70424,1121.70424,1121.70424,1121.70424,1121.70424,1121.70424,1302.655666,1883.489566,4092.363893,5387.144873,6388.556714
